{
    "activation": "ReLU",
    "adding_h": false,
    "aggregation": "mean",
    "aggregation_norm": 100,
    "atom_descriptor_scaling": true,
    "atom_descriptors": null,
    "atom_descriptors_path": null,
    "atom_descriptors_size": 0,
    "atom_features_size": 0,
    "atom_messages": false,
    "batch_size": 32,
    "bias": false,
    "bias_solvent": false,
    "bond_feature_scaling": true,
    "bond_features_path": null,
    "bond_features_size": 0,
    "cache_cutoff": 10000,
    "checkpoint_dir": null,
    "checkpoint_frzn": "./model/model_34274/fold_0/model_0/model.pt",
    "checkpoint_path": null,
    "checkpoint_paths": null,
    "class_balance": false,
    "config_path": null,
    "crossval_index_dir": null,
    "crossval_index_file": null,
    "crossval_index_sets": null,
    "cuda": false,
    "data_path": "C:\\Users\\tangyuechuan\\Desktop\\chemProp\\data\\trainSet\\d\\dis_similar_MACCS_0.7.csv",
    "data_weights_path": null,
    "dataset_type": "regression",
    "depth": 5,
    "depth_solvent": 3,
    "device": {
        "_type": "python_object (type = device)",
        "_value": "gASVHgAAAAAAAACMBXRvcmNolIwGZGV2aWNllJOUjANjcHWUhZRSlC4="
    },
    "dropout": 0.0,
    "empty_cache": false,
    "ensemble_size": 1,
    "epochs": 64,
    "evidential_regularization": 0,
    "explicit_h": false,
    "extra_metrics": [
        "r2",
        "mae"
    ],
    "features_generator": null,
    "features_only": false,
    "features_path": null,
    "features_scaling": true,
    "features_size": null,
    "ffn_hidden_size": 128,
    "ffn_num_layers": 3,
    "final_lr": 0.0001,
    "folds_file": null,
    "freeze_first_only": false,
    "frzn_ffn_layers": 0,
    "gpu": null,
    "grad_clip": null,
    "hidden_size": 300,
    "hidden_size_solvent": 300,
    "ignore_columns": null,
    "init_lr": 0.0001,
    "log_frequency": 10,
    "loss_function": "mse",
    "max_data_size": null,
    "max_lr": 0.001,
    "metric": "rmse",
    "metrics": [
        "rmse",
        "r2",
        "mae"
    ],
    "minimize_score": true,
    "mpn_shared": false,
    "multiclass_num_classes": 3,
    "no_atom_descriptor_scaling": false,
    "no_bond_features_scaling": false,
    "no_cache_mol": false,
    "no_cuda": false,
    "no_features_scaling": false,
    "num_folds": 5,
    "num_lrs": 1,
    "num_tasks": 1,
    "num_workers": 8,
    "number_of_molecules": 1,
    "overwrite_default_atom_features": false,
    "overwrite_default_bond_features": false,
    "phase_features_path": null,
    "pytorch_seed": 0,
    "quiet": false,
    "reaction": false,
    "reaction_mode": "reac_diff",
    "reaction_solvent": false,
    "reproducibility": {
        "command_line": "python C:/Users/tangyuechuan/Desktop/chemProp/train.py",
        "time": "Mon Apr 24 16:23:15 2023"
    },
    "resume_experiment": false,
    "save_dir": "./model/model_sm_d_MACCSS_0.7_ts",
    "save_preds": false,
    "save_smiles_splits": false,
    "seed": 0,
    "separate_test_atom_descriptors_path": null,
    "separate_test_bond_features_path": null,
    "separate_test_features_path": null,
    "separate_test_path": "./data/testSet/testSet.csv",
    "separate_test_phase_features_path": null,
    "separate_val_atom_descriptors_path": null,
    "separate_val_bond_features_path": null,
    "separate_val_features_path": null,
    "separate_val_path": null,
    "separate_val_phase_features_path": null,
    "show_individual_scores": false,
    "smiles_columns": [
        "smiles"
    ],
    "spectra_activation": "exp",
    "spectra_phase_mask_path": null,
    "spectra_target_floor": 1e-08,
    "split_key_molecule": 0,
    "split_sizes": [
        0.9,
        0.1,
        0.0
    ],
    "split_type": "scaffold_balanced",
    "target_columns": [
        "Density"
    ],
    "target_weights": null,
    "task_names": [
        "Density"
    ],
    "test": false,
    "test_fold_index": null,
    "train_data_size": null,
    "undirected": false,
    "use_input_features": false,
    "val_fold_index": null,
    "warmup_epochs": 2.0
}